variant,seed,experience,frame_pct,lock_pct,Kr,Km,notes
linear,0,20000,79.667,6.977,12994,2618,seed0 curve
linear,0,40000,80.000,11.628,12309,6071,seed0 curve
linear,0,60000,79.750,12.791,11591,9001,seed0 curve
linear,0,100000,80.000,12.791,11481,13691,seed0 curve
linear,0,150000,80.000,12.791,11561,17532,seed0 curve
linear,0,200000,80.333,13.953,11311,19725,seed0 curve
linear-final,0,200000,81.950,12.458,11311,19725,same-stream causal eval
linear-final,1,200000,79.850,11.881,10181,16583,same-stream causal eval
linear-final,2,200000,82.225,13.149,9932,17995,same-stream causal eval
linear-final-mean,mean,200000,81.342,12.496,10475,18101,3-seed mean
coherent,0,20000,80.200,2.817,13592,158,r*abs(r) maturity
coherent,0,200000,80.000,0.546,12534,941,endpoint stream B
global-decay,0,20000,80.300,4.225,3628,2578,lazy global decay
global-decay,0,200000,81.160,9.677,4072,16759,same-stream final
direct-slow,0,20000,81.850,15.436,,,single slow state control
direct-slow,0,40000,82.250,18.121,,,single slow state control
direct-slow,0,60000,82.350,17.450,,,single slow state control
direct-slow,0,100000,82.300,19.463,,,execution-window endpoint
