version,seed,cross_steps,frame_exact_pct,bit_pct,changed_f1,move_exact_pct,rotate_exact_pct,lock_exact_pct,clear_exact_pct,gameover_exact_pct,ablation
v0.11_base,0,0,77.820,99.730,0.897,95.71,46.14,0.00,0.00,0.00,baseline frozen before D1 hierarchy
v0.12_D1_F2,0,120000,83.120,99.795,0.924,93.71,77.51,0.00,0.00,0.00,F2-zero frame 77.04
v0.13_conflict_F2,0,120000,86.200,99.830,0.937,94.84,78.92,0.00,0.00,0.00,F2-zero frame 55.06
v0.13_conflict_F2,0,300000,86.588,99.840,0.941,94.72,80.09,0.33,0.00,8.00,F2-zero Lock 0
v0.14b_blockcross,0,30000,91.160,99.894,0.962,94.88,84.74,43.63,0.00,0.00,cross-off Lock 0
v0.14b_blockcross,0,60000,90.838,99.899,0.963,94.76,83.35,48.23,0.00,0.00,cross-off Lock 0
v0.14b_blockcross,1,30000,78.160,99.787,0.922,94.75,59.44,42.55,0.00,0.00,cross-off Lock 0
v0.14b_blockcross,2,30000,80.380,99.804,0.929,95.38,60.02,43.01,0.00,0.00,cross-off Lock 0
v0.14b_blockcross,3,30000,90.700,99.895,0.962,95.08,82.25,47.34,0.00,0.00,cross-off Lock 0
