experiment,seed,depth,frame_pct,move_pct,rotate_pct,lock_pct,notes
z6_triangle_12k,0,6,71.542,93.24,24.56,0.00,full temporal triangle
z6_triangle_12k,1,6,70.688,92.22,23.44,0.00,full temporal triangle
z6_triangle_12k,2,6,63.375,87.74,14.67,0.00,full temporal triangle
z6_triangle_mean,mean,6,68.535,91.067,20.890,0.00,3-seed mean
z6_last_only_mean,mean,6,40.736,,,0.00,read only newest slice
z6_shuffle_mean,mean,6,62.556,,,0.00,ordered Z slices permuted
z6_no_old_writeback_mean,mean,6,53.799,,,0.00,old slices not updated by later errors
z12_triangle_6k,0,12,66.028,88.89,10.69,0.00,deeper Z did not improve
nested_prefix_baseline,0,6,77.750,95.03,44.08,0.00,DirectFit base no temporal training
nested_prefix_4k,0,6,78.208,95.03,46.03,0.00,nested prefix query
nested_prefix_16k,0,6,78.229,95.08,45.14,0.00,nested prefix plateau
