block,fall_full,terminal_full,terminal_board,terminal_active,terminal_preview
0,61.67,11.33,21.33,46.33,25.67
1,62.00,10.67,21.33,47.00,24.33
2,63.33,9.33,21.00,45.33,24.33
3,60.67,9.67,21.33,43.00,22.67
4,65.33,8.33,21.00,40.33,19.00
5,64.33,7.00,22.33,31.33,15.33
6,67.33,6.67,22.33,27.00,11.33
7,69.00,4.67,21.33,22.67,7.33
8,68.33,3.67,20.67,14.33,6.33
9,72.33,1.33,21.00,9.00,2.00
10,75.33,0.00,19.33,4.00,0.00
11,73.33,0.00,18.33,1.33,0.00
12,72.67,0.00,19.33,1.67,0.00
13,63.33,11.33,21.33,47.33,25.67
14,64.33,11.00,21.33,47.00,25.67
15,61.00,9.00,22.67,42.33,19.33
16,61.00,9.00,21.67,39.00,21.33
17,64.00,8.33,21.67,37.33,19.67
18,64.00,8.67,21.33,33.00,21.00
19,65.33,8.00,25.33,36.67,15.67
20,65.00,7.33,27.67,30.67,13.67
21,62.00,8.00,27.67,32.00,13.67
22,67.67,6.00,24.33,28.67,9.67
23,72.67,6.00,25.67,32.67,10.33
24,66.67,7.33,22.00,38.00,13.33
25,76.00,18.00,20.33,74.67,97.67
