block,terminal_full,active,preview,shift_full,shift_active,shift_preview
0,12.00,39.67,24.67,9.33,23.67,15.33
1,13.67,46.00,27.00,9.67,22.00,14.33
2,12.67,44.00,25.33,8.67,19.00,11.67
3,11.33,42.33,23.33,1.67,4.67,2.67
4,10.33,38.67,17.33,1.00,2.67,1.67
5,7.33,30.67,14.67,1.33,2.67,2.00
6,6.33,27.33,9.67,7.67,37.00,12.00
7,4.33,22.00,6.33,4.67,32.67,6.67
8,4.00,15.67,5.67,4.33,27.00,6.00
9,3.67,13.33,4.67,3.67,22.67,4.67
10,0.00,4.00,0.33,0.00,9.67,0.33
11,0.00,1.67,0.00,0.00,2.67,0.00
12,0.00,1.33,0.00,0.00,3.67,0.00
13,12.67,42.00,25.67,11.67,34.67,21.00
14,13.00,44.00,23.00,9.33,30.67,17.00
15,11.00,41.00,20.00,7.00,29.00,13.67
16,10.67,38.33,21.33,7.33,28.00,15.00
17,10.33,32.67,20.00,6.67,27.33,14.33
18,10.33,35.67,21.33,0.00,0.67,0.00
19,9.33,31.67,18.67,10.67,39.67,22.00
20,10.67,32.67,19.67,10.67,39.67,22.00
21,8.33,29.00,16.67,11.00,35.00,20.33
22,7.67,25.00,12.67,8.67,31.67,15.67
23,6.33,31.33,11.67,6.33,31.67,11.33
24,7.33,34.67,13.67,7.67,30.00,13.00
25,19.33,77.00,97.33,0.00,0.33,0.00
