seed,mature_relations,condition,full_pct,board_pct,active_pct,preview_pct,board_active_pct,bit_pct
0,3,normal-fall,77.75,84.0,82.25,85.5,78.75,99.706
0,3,normal-terminal,47.75,56.5,71.75,97.75,48.0,99.714
0,3,normal-rec,19.75,33.5,32.5,68.5,20.0,98.229
0,3,relOff-terminal,0.0,56.0,2.0,0.0,1.0,98.062
0,3,relOff-rec,0.0,33.5,1.25,0.0,0.75,97.546
0,3,relFlip-terminal,0.0,55.75,2.0,0.0,1.0,98.041
0,3,relShift-terminal,0.0,56.0,2.0,0.0,1.0,98.062
1,3,normal-fall,79.75,84.75,82.75,88.0,80.5,99.716
1,3,normal-terminal,50.0,57.0,77.25,97.75,50.5,99.769
1,3,normal-rec,13.5,27.75,27.75,70.25,13.75,98.236
1,3,relOff-terminal,0.0,57.0,1.25,0.0,0.5,98.096
1,3,relOff-rec,0.0,28.25,1.25,0.0,0.25,97.54
1,3,relFlip-terminal,0.0,56.5,1.0,0.0,0.5,98.079
1,3,relShift-terminal,0.0,57.0,1.25,0.0,0.5,98.097
2,3,normal-fall,78.5,83.75,84.0,86.5,79.5,99.704
2,3,normal-terminal,52.75,59.0,78.0,98.25,53.0,99.706
2,3,normal-rec,20.5,35.25,35.25,74.0,20.5,98.365
2,3,relOff-terminal,0.0,59.0,0.75,0.0,0.25,98.014
2,3,relOff-rec,0.0,37.5,1.5,0.0,0.5,97.57
2,3,relFlip-terminal,0.0,58.75,1.0,0.0,0.25,98.014
2,3,relShift-terminal,0.0,59.0,0.75,0.0,0.25,98.014
