writes=24000000,731964,24446762
h,n,normal_full,pairOff_full,normal_bit,pairOff_bit
1,78,29.487,0.000,99.4638,98.3759
2,112,32.143,0.000,99.3239,98.0276
3,108,33.333,0.000,99.3523,97.7453
4,111,29.730,0.000,99.1922,97.6806
5,147,31.293,0.000,99.0614,97.5994
6,168,26.786,0.000,98.9798,97.4688
7,168,29.167,0.000,98.8152,97.3772
8,199,19.598,0.000,98.8657,97.4343
9,217,24.885,0.000,98.7582,97.4089
10,247,29.960,0.000,98.6336,97.3830
11,248,18.952,0.000,98.5751,97.3868
12,253,27.273,0.000,98.5130,97.2427
13,245,25.306,0.000,98.4439,97.3361
14,237,26.582,0.000,98.3609,97.4197
15,175,28.571,0.000,98.6511,97.4176
16,124,17.742,0.000,97.8947,97.3713
17,98,23.469,0.000,98.3222,97.6035
18,45,13.333,0.000,97.2169,97.3558
19,19,0.000,0.000,96.4828,97.2293
20,1,0.000,0.000,97.3558,98.0769
