experiment,seed,mode,final_accuracy_pct,mature_K,observed_mature_relation
v0.1,0,trace,100.000,,
v0.1,1,trace,100.000,,
v0.1,2,trace,100.000,,
v0.1,0,shift,25.033,,
v0.1,1,shift,24.367,,
v0.1,2,shift,25.567,,
v0.1,0,all,74.433,,
v0.1,1,all,74.733,,
v0.1,2,all,74.533,,
v0.1,0,off,75.333,,
v0.1,1,off,74.733,,
v0.1,2,off,74.533,,
v0.2,0,residual_birth,100.000,1,A0*C1
v0.2,1,residual_birth,100.000,1,A0*C1
v0.2,2,residual_birth,100.000,1,A0*C1
v0.2,3,residual_birth,100.000,1,A0*C1
v0.2,4,residual_birth,100.000,1,A0*C1
